{"xdim": 44, "datalength": 82168, "X_LL": [[0.05, 0.0, 0.08333, 0.05, 0.0, 0.05, 0.05, 0.0, 0.0, -1.0, -4.0, -4.0, 0.0, 0.0, -4.0, -4.0, -4.0, -4.0, 0.0, 0.0, 0.0, -3.0, 0.0, 0.0, -4.0, -4.0, 0.0, 0.0, 0.0, -1.0, 0.0, 0.0, 0.0, 0.0, 0.0, -1.0, 0.0, 0.0, 0.0, 0.0, 0.0, 0.0, -1.0, 0.0]], "X_UL": [[0.9, 0.9, 0.333, 0.25, 1.0, 0.8, 0.5, 45.0, 1.0, 1.0, 4.0, 4.0, 1.0, 1.0, 4.0, 4.0, 4.0, 4.0, 60.0, 1.0, 1.0, 5.0, 1.0, 1.0, 4.0, 4.0, 60.0, 0.5, 0.5, 0.5, 1.0, 1.0, 0.2, 1.0, 1.0, 1.0, 0.33, 1.0, 0.2, 1.0, 1.0, 1.0, 1.0, 0.33]], "ydim": 0, "cdim": 4, "tdim": 128, "net": [1024, 1024, 1024, 1024], "batch_size": 1024, "Training_Epochs": 100000, "Diffusion_Timesteps": 1000, "lr": 0.00025, "weight_decay": 0.0, "device_name": "cuda:0"}